{
  "Step_1": 4.15,
  "Step_2": 4.28,
  "Step_3": 4.41,
  "Step_4": 4.68,
  "Step_5": 8.43,
  "Step_6": 8.56,
  "Step_7": 10.17,
  "Step_8": 10.7,
  "Step_9": 11.1,
  "Step_10": 11.37,
  "Step_11": 11.4,
  "Step_12": 11.93,
  "Step_13": 13.14,
  "Step_14": 18.08,
  "Step_15": 20.76,
  "Step_16": 21.7,
  "Step_17": 23.3,
  "Step_18": 23.84,
  "Step_19": 25.98,
  "Step_20": 26.11,
  "Step_21": 31.46,
  "Step_22": 31.59,
  "Step_23": 34.27,
  "Step_24": 34.8,
  "Step_25": 35.47,
  "Step_26": 35.74,
  "Step_27": 35.74,
  "Step_28": 36.81,
  "Step_29": 36.81,
  "Step_30": 37.88,
  "Step_31": 37.88,
  "Step_32": 39.25,
  "Step_33": 40.18,
  "Step_34": 43.69,
  "Step_35": 45.43,
  "Step_36": 47.16,
  "Step_37": 47.97,
  "Step_38": 47.97,
  "Step_39": 48.37,
  "Step_40": 48.37,
  "Step_41": 48.64,
  "Step_42": 51.31,
  "Step_43": 52.11,
  "Step_44": 52.38,
  "Step_45": 52.92,
  "Step_46": 53.18,
  "Step_47": 53.32,
  "Step_48": 53.72,
  "Step_49": 53.85,
  "Step_50": 54.25,
  "Step_51": 54.25,
  "Step_52": 54.39,
  "Step_53": 55.06,
  "Step_54": 56.8,
  "Step_55": 57.33,
  "Step_56": 58.27,
  "Step_57": 62.41,
  "Step_58": 63.08,
  "Step_59": 66.83,
  "Step_60": 68.57,
  "Step_61": 68.57,
  "Step_62": 68.57,
  "Step_63": 68.57,
  "Step_64": 68.57,
  "Step_65": 68.57,
  "Step_66": 68.57,
  "Step_67": 69.23,
  "Step_68": 69.37,
  "Step_69": 69.37,
  "Step_70": 69.5,
  "Step_71": 69.5,
  "Step_72": 69.64,
  "Step_73": 69.64,
  "Step_74": 69.77,
  "Step_75": 69.77,
  "Step_76": 69.9,
  "Step_77": 69.9,
  "Step_78": 70.04,
  "Step_79": 70.17,
  "Step_80": 70.17,
  "Step_81": 72.31,
  "Step_82": 72.31,
  "Step_83": 72.31,
  "Step_84": 72.31,
  "Step_85": 72.31,
  "Step_86": 72.31,
  "Step_87": 72.31,
  "Step_88": 72.31,
  "Step_89": 72.31
}