{
  "Step_0": 0.13,
  "Step_1": 0.27,
  "Step_2": 2.81,
  "Step_3": 2.94,
  "Step_4": 6.55,
  "Step_5": 6.96,
  "Step_6": 6.96,
  "Step_7": 7.09,
  "Step_8": 8.43,
  "Step_9": 10.17,
  "Step_10": 12.04,
  "Step_11": 13.51,
  "Step_12": 17.66,
  "Step_13": 18.46,
  "Step_14": 23.54,
  "Step_15": 25.41,
  "Step_16": 26.35,
  "Step_17": 29.03,
  "Step_18": 29.03,
  "Step_19": 29.16,
  "Step_20": 29.16,
  "Step_21": 29.29,
  "Step_22": 29.56,
  "Step_23": 29.7,
  "Step_24": 29.83,
  "Step_25": 29.83,
  "Step_26": 31.43,
  "Step_27": 31.43,
  "Step_28": 31.43,
  "Step_29": 31.43,
  "Step_30": 31.43,
  "Step_31": 35.98,
  "Step_32": 35.98,
  "Step_33": 36.65,
  "Step_34": 36.65,
  "Step_35": 37.19,
  "Step_36": 39.86,
  "Step_37": 41.47,
  "Step_38": 42.8,
  "Step_39": 42.94,
  "Step_40": 43.61,
  "Step_41": 43.61,
  "Step_42": 48.42,
  "Step_43": 48.56,
  "Step_44": 48.56,
  "Step_45": 48.69,
  "Step_46": 48.82,
  "Step_47": 48.82,
  "Step_48": 51.5,
  "Step_49": 51.63,
  "Step_50": 51.63,
  "Step_51": 52.17,
  "Step_52": 52.3,
  "Step_53": 52.3,
  "Step_54": 52.57,
  "Step_55": 52.7,
  "Step_56": 53.77,
  "Step_57": 53.77,
  "Step_58": 54.31,
  "Step_59": 55.38,
  "Step_60": 55.64,
  "Step_61": 57.01,
  "Step_62": 57.28,
  "Step_63": 58.21,
  "Step_64": 58.24,
  "Step_65": 61.74,
  "Step_66": 62.28,
  "Step_67": 64.02,
  "Step_68": 64.15,
  "Step_69": 65.89,
  "Step_70": 66.69,
  "Step_71": 66.69,
  "Step_72": 66.69,
  "Step_73": 69.37,
  "Step_74": 69.64,
  "Step_75": 69.64,
  "Step_76": 69.64,
  "Step_77": 70.04,
  "Step_78": 70.04,
  "Step_79": 70.3,
  "Step_80": 71.11,
  "Step_81": 71.64,
  "Step_82": 71.91,
  "Step_83": 72.31,
  "Step_84": 72.31,
  "Step_85": 72.31,
  "Step_86": 72.31,
  "Step_87": 72.31,
  "Step_88": 72.31
}